[
  {
    "Address": "2965 West Market Street",
    "City": "Akron",
    "State": "OH",
    "Zip": 44333,
    "Lat": 41.129399,
    "Lon": -81.609228,
    "URL": "'akron-75901'"
  },
  {
    "Address": "3221B Danville Blvd",
    "City": "Alamo",
    "State": "CA",
    "Zip": 94507,
    "Lat": 37.84866,
    "Lon": -122.031636,
    "URL": "'alamo-70504'"
  },
  {
    "Address": "670 S Westland Dr",
    "City": "Appleton",
    "State": "WI",
    "Zip": 54914,
    "Lat": 44.256589,
    "Lon": -88.465913,
    "URL": "'appleton-78002'"
  },
  {
    "Address": "4772 Ashford Dunwoody Road",
    "City": "Atlanta",
    "State": "GA",
    "Zip": 30338,
    "Lat": 33.934394,
    "Lon": -84.338501,
    "URL": "'atlanta-72004'"
  },
  {
    "Address": "1920 Opdyke Ct",
    "City": "Auburn Hills",
    "State": "MI",
    "Zip": 48326,
    "Lat": 42.6703821,
    "Lon": -83.2446617,
    "URL": "'auburn-hills-74201'"
  },
  {
    "Address": "9222 Burnet Rd",
    "City": "Austin",
    "State": "TX",
    "Zip": 78758,
    "Lat": 30.376592,
    "Lon": -97.725938,
    "URL": "'austin-71401'"
  },
  {
    "Address": "15470 Airline Hwy",
    "City": "Baton Rouge",
    "State": "LA",
    "Zip": 70817,
    "Lat": 30.353896,
    "Lon": -91.001905,
    "URL": "'baton-rouge-74401'"
  },
  {
    "Address": "26150 Richmond Road",
    "City": "Bedford Heights",
    "State": "OH",
    "Zip": 44146,
    "Lat": 41.415011,
    "Lon": -81.4946,
    "URL": "'bedford-heights-75902'"
  },
  {
    "Address": "12100 Baltimore Avenue",
    "City": "Beltsville",
    "State": "MD",
    "Zip": 20705,
    "Lat": 39.0572553,
    "Lon": -76.8950073,
    "URL": "'beltsville-71702'"
  },
  {
    "Address": "555 Lancaster Avenue",
    "City": "Berwyn",
    "State": "PA",
    "Zip": 19312,
    "Lat": 40.048425,
    "Lon": -75.43816,
    "URL": "'berwyn-76401'"
  },
  {
    "Address": "101 Distribution Drive",
    "City": "Birmingham",
    "State": "AL",
    "Zip": 35209,
    "Lat": 33.444261,
    "Lon": -86.841618,
    "URL": "'birmingham-70002'"
  },
  {
    "Address": "22 Plantation Business Park",
    "City": "Bluffton",
    "State": "SC",
    "Zip": 29910,
    "Lat": 32.2715593,
    "Lon": -80.8692781,
    "URL": "'bluffton-82401'"
  },
  {
    "Address": "1580 E State St",
    "City": "Eagle",
    "State": "ID",
    "Zip": 83616,
    "Lat": 43.689787,
    "Lon": -116.333271,
    "URL": "'boise-70204'"
  },
  {
    "Address": "11818 North Creek Parkway N",
    "City": "Bothell",
    "State": "WA",
    "Zip": 98011,
    "Lat": 47.775581,
    "Lon": -122.182116,
    "URL": "'bothell-77803'"
  },
  {
    "Address": "19030 Bluemound Rd",
    "City": "Brookfield",
    "State": "WI",
    "Zip": 53045,
    "Lat": 43.037352,
    "Lon": -88.149441,
    "URL": "'brookfield-82303'"
  },
  {
    "Address": "2580 Walden Avenue",
    "City": "Buffalo",
    "State": "NY",
    "Zip": 14225,
    "Lat": 42.9094385,
    "Lon": -78.7417815,
    "URL": "'buffalo-83002'"
  },
  {
    "Address": "129-130 5589 Byrne Rd",
    "City": "Burnaby",
    "State": "BC",
    "Zip": "V5J-3J1",
    "Lat": 9.2011882,
    "Lon": -122.9867141,
    "URL": "'burnaby-78501'"
  },
  {
    "Address": "E Lake Portico Bldg A Bay 29 3900 106th Ave SE",
    "City": "Calgary",
    "State": "AB",
    "Zip": "T2C-5B6",
    "Lat": 50.959342,
    "Lon": -113.9823666,
    "URL": "'calgary-78401'"
  },
  {
    "Address": "4010 Boardman Canfield Road",
    "City": "Canfield",
    "State": "OH",
    "Zip": 44406,
    "Lat": 41.024632,
    "Lon": -80.721595,
    "URL": "'canfield-75903'"
  },
  {
    "Address": "240 Classic Car Court SW",
    "City": "Cedar Rapids",
    "State": "IA",
    "Zip": 52404,
    "Lat": 41.942609,
    "Lon": -91.667313,
    "URL": "'cedar-rapids-73204'"
  },
  {
    "Address": "101 E Alex Bell Rd",
    "City": "Centerville",
    "State": "OH",
    "Zip": 45459,
    "Lat": 39.644923,
    "Lon": -84.152122,
    "URL": "'centerville-73801'"
  },
  {
    "Address": "1600 Falmouth Road",
    "City": "Centerville",
    "State": "MA",
    "Zip": 2632,
    "Lat": 41.6579399,
    "Lon": -70.3478364,
    "URL": "'centerville-76001'"
  },
  {
    "Address": "1001 North Country Fair Drive",
    "City": "Champaign",
    "State": "IL",
    "Zip": 61821,
    "Lat": 40.126069,
    "Lon": -88.280163,
    "URL": "'champaign-72202'"
  },
  {
    "Address": "2217 F Distribution Center Drive",
    "City": "Charlottte",
    "State": "NC",
    "Zip": 28269,
    "Lat": 35.2757931,
    "Lon": -80.8433462,
    "URL": "'charlotte-73102'"
  },
  {
    "Address": "2001 Commonwealth Drive",
    "City": "Charlottesville",
    "State": "VA",
    "Zip": 22901,
    "Lat": 38.066988,
    "Lon": -78.495203,
    "URL": "'charlottesville-77707'"
  },
  {
    "Address": "1606 Gunbarrel Road",
    "City": "Chattanooga",
    "State": "TN",
    "Zip": 37421,
    "Lat": 35.018417,
    "Lon": -85.161273,
    "URL": "'chattanooga-76801'"
  },
  {
    "Address": "165 Barclay Shopping Ctr",
    "City": "Cherry Hill",
    "State": "NJ",
    "Zip": 8034,
    "Lat": 39.9101709,
    "Lon": -74.9966502,
    "URL": "'cherry-hill-76402'"
  },
  {
    "Address": "6380 Corporate Centre Circle",
    "City": "Colorado Springs",
    "State": "CO",
    "Zip": 80919,
    "Lat": 38.923398,
    "Lon": -104.817632,
    "URL": "'colorado-springs-82501'"
  },
  {
    "Address": "2909 Falling Leaf Ln Suite E",
    "City": "Columbia",
    "State": "MO",
    "Zip": 65201,
    "Lat": 38.9144112,
    "Lon": -92.2971717,
    "URL": "'columbia-74601'"
  },
  {
    "Address": "9009 Gemini Parkway",
    "City": "Columbus",
    "State": "OH",
    "Zip": 43240,
    "Lat": 40.146291,
    "Lon": -82.993073,
    "URL": "'columbus-75001'"
  },
  {
    "Address": "341 Loudon Road",
    "City": "Concord",
    "State": "NH",
    "Zip": 3301,
    "Lat": 43.230156,
    "Lon": -71.481501,
    "URL": "'concord-73603'"
  },
  {
    "Address": "2830 East 53rd Street",
    "City": "Davenport",
    "State": "IA",
    "Zip": 52807,
    "Lat": 41.5751397,
    "Lon": -90.531704,
    "URL": "'davenport-72501'"
  },
  {
    "Address": "4200 Carson Street",
    "City": "Denver",
    "State": "CO",
    "Zip": 80239,
    "Lat": 39.775049,
    "Lon": -104.834551,
    "URL": "'denver-71502'"
  },
  {
    "Address": "2163 Northwest 111th Street",
    "City": "Des Moines",
    "State": "IA",
    "Zip": 50325,
    "Lat": 41.613891,
    "Lon": -93.770841,
    "URL": "'des-moines-73001'"
  },
  {
    "Address": "12382 S Gateway Park Pl",
    "City": "Draper",
    "State": "UT",
    "Zip": 84020,
    "Lat": 40.525523,
    "Lon": -111.903016,
    "URL": "'draper-77605'"
  },
  {
    "Address": "2605 North Berkeley Lake Road",
    "City": "Duluth",
    "State": "GA",
    "Zip": 30096,
    "Lat": 33.969292,
    "Lon": -84.153332,
    "URL": "'duluth-72006'"
  },
  {
    "Address": "18523 104 Avenue Northwest",
    "City": "Edmonton",
    "State": "AB",
    "Zip": "T5S-2V8",
    "Lat": 53.5459147,
    "Lon": -113.6464499,
    "URL": "'edmonton-78402'"
  },
  {
    "Address": "6703 North Mesa Street",
    "City": "El Paso",
    "State": "TX",
    "Zip": 79912,
    "Lat": 31.833512,
    "Lon": -106.543189,
    "URL": "'el-paso-77101'"
  },
  {
    "Address": "5832 Grape Rd #110",
    "City": "Mishawka",
    "State": "IN",
    "Zip": 46545,
    "Lat": 41.7138964,
    "Lon": -86.2013654,
    "URL": "'elkhart-82902'"
  },
  {
    "Address": "5044 Peach St",
    "City": "Erie",
    "State": "PA",
    "Zip": 16509,
    "Lat": 42.080225,
    "Lon": -80.091041,
    "URL": "'erie-76601'"
  },
  {
    "Address": "5420 Vogel Road",
    "City": "Evansville",
    "State": "IN",
    "Zip": 47715,
    "Lat": 37.987676,
    "Lon": -87.485157,
    "URL": "'evansville-79001'"
  },
  {
    "Address": "3 Design Avenue",
    "City": "Fletcher",
    "State": "NC",
    "Zip": 28732,
    "Lat": 35.447363,
    "Lon": -82.525696,
    "URL": "'fletcher-73103'"
  },
  {
    "Address": "4122 Lima Road Suite B-14",
    "City": "Fort Wayne",
    "State": "IN",
    "Zip": 46805,
    "Lat": 41.1165352,
    "Lon": -85.1477068,
    "URL": "'fort-wayne-82904'"
  },
  {
    "Address": "2600 W 7th St",
    "City": "Fort Worth",
    "State": "TX",
    "Zip": 76107,
    "Lat": 32.75422,
    "Lon": -97.352608,
    "URL": "'fort-worth-70600'"
  },
  {
    "Address": "277 Mallory Station",
    "City": "Franklin",
    "State": "TN",
    "Zip": 37067,
    "Lat": 35.9548687,
    "Lon": -86.8302682,
    "URL": "'franklin-77001'"
  },
  {
    "Address": "202 Perry Parkway",
    "City": "Gaithersburg",
    "State": "MD",
    "Zip": 20877,
    "Lat": 39.142832,
    "Lon": -77.209868,
    "URL": "'gaithersburg-71703'"
  },
  {
    "Address": "3092 Village Shops Drive",
    "City": "Germantown",
    "State": "TN",
    "Zip": 38138,
    "Lat": 35.065261,
    "Lon": -89.757111,
    "URL": "'germantown-76905'"
  },
  {
    "Address": "2120 Oak Industrial Drive",
    "City": "Grand Rapids",
    "State": "MI",
    "Zip": 49505,
    "Lat": 42.97525,
    "Lon": -85.618022,
    "URL": "'grand-rapids-74301'"
  },
  {
    "Address": "500 Pilgrim Way",
    "City": "Green Bay",
    "State": "WI",
    "Zip": 54304,
    "Lat": 44.4803754,
    "Lon": -88.0565088,
    "URL": "'green-bay-78004'"
  },
  {
    "Address": "240 Mohawk Trail",
    "City": "Greenfield",
    "State": "MA",
    "Zip": 1301,
    "Lat": 42.585697,
    "Lon": -72.625279,
    "URL": "'greenfield-73901'"
  },
  {
    "Address": "220 Seneca Drive",
    "City": "Greensboro",
    "State": "NC",
    "Zip": 27406,
    "Lat": 36.037589,
    "Lon": -79.783897,
    "URL": "'greensboro-75705'"
  },
  {
    "Address": "1325 Miller Road",
    "City": "Greenville",
    "State": "SC",
    "Zip": 29607,
    "Lat": 34.823177,
    "Lon": -82.296628,
    "URL": "'greenville-76703'"
  },
  {
    "Address": "4647 Jonestown Road",
    "City": "Harrisburg",
    "State": "PA",
    "Zip": 17109,
    "Lat": 40.302385,
    "Lon": -76.812091,
    "URL": "'harrisburg-79101'"
  },
  {
    "Address": "45 Fondi Rd",
    "City": "Haverhill",
    "State": "MA",
    "Zip": 1832,
    "Lat": 42.8094842,
    "Lon": -71.1178687,
    "URL": "haverhill-74103'"
  },
  {
    "Address": "2251 Claremont Court",
    "City": "Hayward",
    "State": "CA",
    "Zip": 94545,
    "Lat": 37.615994,
    "Lon": -122.076777,
    "URL": "'hayward-70503'"
  },
  {
    "Address": "89 North Broadway",
    "City": "Hicksville",
    "State": "NY",
    "Zip": 11801,
    "Lat": 40.771235,
    "Lon": -73.526792,
    "URL": "'hicksville-75426'"
  },
  {
    "Address": "5 Pond Park Rd",
    "City": "Hingham",
    "State": "MA",
    "Zip": 2043,
    "Lat": 42.176004,
    "Lon": -70.918206,
    "URL": "'hingham-74110'"
  },
  {
    "Address": "2726 New Sutton Road",
    "City": "Hoffman Estates",
    "State": "IL",
    "Zip": 60193,
    "Lat": 42.0728225,
    "Lon": -88.1931942,
    "URL": "'hoffman-estates-72401'"
  },
  {
    "Address": "8781 West Road",
    "City": "Houston",
    "State": "TX",
    "Zip": 77064,
    "Lat": 29.902593,
    "Lon": -95.540966,
    "URL": "'houston-77403'"
  },
  {
    "Address": "5425 West 74th Street",
    "City": "Indianapolis",
    "State": "IN",
    "Zip": 46268,
    "Lat": 39.8865089,
    "Lon": -86.2588239,
    "URL": "'indianapolis-72801'"
  },
  {
    "Address": "120 Dutchman Boulevard",
    "City": "Irmo",
    "State": "SC",
    "Zip": 29063,
    "Lat": 34.093245,
    "Lon": -81.157579,
    "URL": "'irmo-76704'"
  },
  {
    "Address": "1130 W Maple Way",
    "City": "Jackson",
    "State": "WY",
    "Zip": 83001,
    "Lat": 43.470282,
    "Lon": -110.78868,
    "URL": "'jackson-70202'"
  },
  {
    "Address": "7818 Philips Hwy",
    "City": "Jacksonville",
    "State": "FL",
    "Zip": 32256,
    "Lat": 30.228974,
    "Lon": -81.590737,
    "URL": "'jacksonville-71803'"
  },
  {
    "Address": "374 American Ave",
    "City": "Jerome",
    "State": "ID",
    "Zip": 83338,
    "Lat": 42.656856,
    "Lon": -114.45065,
    "URL": "'jerome-70205'"
  },
  {
    "Address": "3375 Maybank Hwy",
    "City": "Johns Island",
    "State": "SC",
    "Zip": 29455,
    "Lat": 32.727351,
    "Lon": -80.069081,
    "URL": "'johns-island-82402'"
  },
  {
    "Address": "2694 Boone's Creek Road",
    "City": "Johnson City",
    "State": "TN",
    "Zip": 37615,
    "Lat": 36.3749311,
    "Lon": -82.4291814,
    "URL": "'johnson-city-76802'"
  },
  {
    "Address": "16-830 McCurdy Place",
    "City": "Kelowna",
    "State": "BC",
    "Zip": "V1X-8C8",
    "Lat": 49.9002374,
    "Lon": -119.4160735,
    "URL": "'kelowna-78406'"
  },
  {
    "Address": "1007 Warm Springs Rd",
    "City": "Ketchum",
    "State": "ID",
    "Zip": 83340,
    "Lat": 43.684665,
    "Lon": -114.3694,
    "URL": "'ketchum-70201'"
  },
  {
    "Address": "747 State Route 28",
    "City": "Kingston",
    "State": "NY",
    "Zip": 12401,
    "Lat": 41.972999,
    "Lon": -74.079998,
    "URL": "'kingston-75502'"
  },
  {
    "Address": "505 Carden Jennings Lane",
    "City": "Knoxville",
    "State": "TN",
    "Zip": 37932,
    "Lat": 35.909441,
    "Lon": -84.135477,
    "URL": "'knoxville-76803'"
  },
  {
    "Address": "3416 State Road 38 East",
    "City": "Lafayette",
    "State": "IN",
    "Zip": 47905,
    "Lat": 40.399701,
    "Lon": -86.856209,
    "URL": "'lafayette-72802'"
  },
  {
    "Address": "132 N Flowers Mill Rd",
    "City": "Langhorne",
    "State": "PA",
    "Zip": 19047,
    "Lat": 40.179626,
    "Lon": -74.907572,
    "URL": "'langhorne-76411'"
  },
  {
    "Address": "4931 W 6th St Suite 122",
    "City": "Lawrence",
    "State": "KS",
    "Zip": 66049,
    "Lat": 38.9706549,
    "Lon": -95.3118727,
    "URL": "'lawrence-73401'"
  },
  {
    "Address": "11333 Strang Line",
    "City": "Lenexa",
    "State": "KS",
    "Zip": 66215,
    "Lat": 38.92241,
    "Lon": -94.757785,
    "URL": "'lenexa-74501'"
  },
  {
    "Address": "34634 Bay Crossing Blvd",
    "City": "Lewes",
    "State": "DE",
    "Zip": 19958,
    "Lat": 38.741047,
    "Lon": -75.146711,
    "URL": "'lewes-71707'"
  },
  {
    "Address": "1387 East New Circle Road",
    "City": "Lexington",
    "State": "KY",
    "Zip": 40505,
    "Lat": 38.026284,
    "Lon": -84.453288,
    "URL": "'lexington-78804'"
  },
  {
    "Address": "6891 A St",
    "City": "Lincoln",
    "State": "NE",
    "Zip": 68510,
    "Lat": 40.797782,
    "Lon": -96.626588,
    "URL": "'lincoln-74801'"
  },
  {
    "Address": "1398 Wellington Road South",
    "City": "London",
    "State": "ON",
    "Zip": "N6E-1M5",
    "Lat": 42.925345,
    "Lon": -81.216033,
    "URL": "'london-78601'"
  },
  {
    "Address": "350 West State Road 434",
    "City": "Longwood",
    "State": "FL",
    "Zip": 32750,
    "Lat": 28.697144,
    "Lon": -81.351185,
    "URL": "'longwood-72102'"
  },
  {
    "Address": "11450 Bluegrass Parkway",
    "City": "Louisville",
    "State": "KY",
    "Zip": 40299,
    "Lat": 38.219969,
    "Lon": -85.542891,
    "URL": "'louisville-78802'"
  },
  {
    "Address": "6710 Broadcast Parkway",
    "City": "Loves Park",
    "State": "IL",
    "Zip": 61111,
    "Lat": 42.3260397,
    "Lon": -88.9877953,
    "URL": "'loves-park-72402'"
  },
  {
    "Address": "2066 York Rd",
    "City": "Lutherville-Timonium",
    "State": "MD",
    "Zip": 21093,
    "Lat": 39.439366,
    "Lon": -76.625763,
    "URL": "'lutherville-timonium-71710'"
  },
  {
    "Address": "2604 Todd Drive",
    "City": "Madison",
    "State": "WI",
    "Zip": 53713,
    "Lat": 43.0364502,
    "Lon": -89.4253889,
    "URL": "'madison-82302'"
  },
  {
    "Address": "315 Fort Riley Blvd",
    "City": "Manhattan",
    "State": "KS",
    "Zip": 66502,
    "Lat": 39.1738189,
    "Lon": -96.563403,
    "URL": "manhattan-73402'"
  },
  {
    "Address": "54 Weldon Parkway",
    "City": "Maryland Heights",
    "State": "MO",
    "Zip": 63043,
    "Lat": 38.706487,
    "Lon": -90.441689,
    "URL": "'maryland-heights-74602'"
  },
  {
    "Address": "451 West Dussel Drive",
    "City": "Maumee",
    "State": "OH",
    "Zip": 43537,
    "Lat": 41.582672,
    "Lon": -83.678297,
    "URL": "'maumee-74205'"
  },
  {
    "Address": "3150 Washington Road",
    "City": "McMurray",
    "State": "PA",
    "Zip": 15317,
    "Lat": 40.29144,
    "Lon": -80.107728,
    "URL": "'mcmurray-76602'"
  },
  {
    "Address": "8020 Broadmoor Road",
    "City": "Mentor",
    "State": "OH",
    "Zip": 44060,
    "Lat": 41.652478,
    "Lon": -81.376607,
    "URL": "'mentor-75906'"
  },
  {
    "Address": "71 Route 25",
    "City": "Meredith",
    "State": "NH",
    "Zip": 3253,
    "Lat": 43.661384,
    "Lon": -71.494028,
    "URL": "'meredith-73610'"
  },
  {
    "Address": "5832 Grape Road",
    "City": "Mishawaka",
    "State": "IN",
    "Zip": 46545,
    "Lat": 41.713287,
    "Lon": -86.186665,
    "URL": "'mishawaka-82903'"
  },
  {
    "Address": "220 Monroe Turnpike",
    "City": "Monroe",
    "State": "CT",
    "Zip": 6468,
    "Lat": 41.299516,
    "Lon": -73.224677,
    "URL": "'monroe-71602'"
  },
  {
    "Address": "2644 Mosside Blvd Rt 48",
    "City": "Monroeville",
    "State": "PA",
    "Zip": 15146,
    "Lat": 40.431853,
    "Lon": -79.750837,
    "URL": "'monroeville-76603'"
  },
  {
    "Address": "9869 Montgomery Road",
    "City": "Montgomery",
    "State": "OH",
    "Zip": 45242,
    "Lat": 39.236352,
    "Lon": -84.351097,
    "URL": "'montgomery-75801'"
  },
  {
    "Address": "803 Horsham Road",
    "City": "Montgomeryville",
    "State": "PA",
    "Zip": 18936,
    "Lat": 40.246881,
    "Lon": -75.242852,
    "URL": "'montgomeryville-76408'"
  },
  {
    "Address": "3309 North Everbrook Lane",
    "City": "Muncie",
    "State": "IN",
    "Zip": 47304,
    "Lat": 40.219579,
    "Lon": -85.425922,
    "URL": "'muncie-72803'"
  },
  {
    "Address": "307 Railroad Ave",
    "City": "Murray",
    "State": "KY",
    "Zip": 42071,
    "Lat": 36.607534,
    "Lon": -88.297123,
    "URL": "'murray-76903'"
  },
  {
    "Address": "583 Worcester Street",
    "City": "Natick",
    "State": "MA",
    "Zip": 1760,
    "Lat": 42.301333,
    "Lon": -71.347835,
    "URL": "'natick-74109'"
  },
  {
    "Address": "25 Fox Run Road",
    "City": "Newington",
    "State": "NH",
    "Zip": 3801,
    "Lat": 43.100254,
    "Lon": -70.80803,
    "URL": "'newington-73605'"
  },
  {
    "Address": "268 1/2 Bellevue Ave",
    "City": "Newport",
    "State": "RI",
    "Zip": 2840,
    "Lat": 41.4876051,
    "Lon": -71.312848,
    "URL": "'newport-73806'"
  },
  {
    "Address": "1717 Fort Jesse Road",
    "City": "Normal",
    "State": "IL",
    "Zip": 61761,
    "Lat": 40.517448,
    "Lon": -88.948943,
    "URL": "'normal-72229'"
  },
  {
    "Address": "8740 Maumelle Boulevard",
    "City": "North Little Rock",
    "State": "AR",
    "Zip": 72113,
    "Lat": 34.812608,
    "Lon": -92.36125,
    "URL": "'north-little-rock-70801'"
  },
  {
    "Address": "840 Willow Road",
    "City": "Northbrook",
    "State": "IL",
    "Zip": 60062,
    "Lat": 42.106779,
    "Lon": -87.801024,
    "URL": "'northbrook-72404'"
  },
  {
    "Address": "464 Main Ave",
    "City": "Norwalk",
    "State": "CT",
    "Zip": 6851,
    "Lat": 41.151073,
    "Lon": -73.425014,
    "URL": "'norwalk-71603'"
  },
  {
    "Address": "1600 West 16th Street",
    "City": "Oak Brook",
    "State": "IL",
    "Zip": 60523,
    "Lat": 41.854753,
    "Lon": -87.95903,
    "URL": "'oak-brook-72405'"
  },
  {
    "Address": "1631 State Route 35",
    "City": "Oakhurst",
    "State": "NJ",
    "Zip": 7755,
    "Lat": 40.255682,
    "Lon": -74.040068,
    "URL": "'oakhurst-75102'"
  },
  {
    "Address": "1195 North Service Road West",
    "City": "Oakville",
    "State": "ON",
    "Zip": "L6M-2W2",
    "Lat": 43.433916,
    "Lon": -79.715755,
    "URL": "'oakville-78603'"
  },
  {
    "Address": "537 E Britton Road",
    "City": "Oklahoma City",
    "State": "OK",
    "Zip": 73114,
    "Lat": 35.5656,
    "Lon": -97.503075,
    "URL": "'oklahoma-city-76201'"
  },
  {
    "Address": "174 Douglas Rd E",
    "City": "Oldsmar",
    "State": "FL",
    "Zip": 33762,
    "Lat": 28.041563,
    "Lon": -82.660805,
    "URL": "'oldsmar-72104'"
  },
  {
    "Address": "9845 South 142nd Street",
    "City": "Omaha",
    "State": "NE",
    "Zip": 68138,
    "Lat": 41.162905,
    "Lon": -96.133403,
    "URL": "'omaha-74802'"
  },
  {
    "Address": "1440 Merivale Road",
    "City": "Ottawa",
    "State": "ON",
    "Zip": "K2E-5P1",
    "Lat": 45.363614,
    "Lon": -75.732537,
    "URL": "'ottawa-79301'"
  },
  {
    "Address": "483 Route 17 South",
    "City": "Paramus",
    "State": "NJ",
    "Zip": 7652,
    "Lat": 40.9538089,
    "Lon": -74.0760375,
    "URL": "'paramus-75104'"
  },
  {
    "Address": "108 Route 46 West",
    "City": "Parsippany",
    "State": "NJ",
    "Zip": 7054,
    "Lat": 40.858107,
    "Lon": -74.35146,
    "URL": "'parsippany-75105'"
  },
  {
    "Address": "1104 East Colorado Boulevard",
    "City": "Pasadena",
    "State": "CA",
    "Zip": 91106,
    "Lat": 34.145693,
    "Lon": -118.12804,
    "URL": "'pasadena-71103'"
  },
  {
    "Address": "4308 North Sheridan Road",
    "City": "Peoria",
    "State": "IL",
    "Zip": 61614,
    "Lat": 40.739815,
    "Lon": -89.602989,
    "URL": "'peoria-72502'"
  },
  {
    "Address": "428 Route 315 Hwy",
    "City": "Pittston",
    "State": "PA",
    "Zip": 18640,
    "Lat": 41.3159993,
    "Lon": -75.7544437,
    "URL": "NA"
  },
  {
    "Address": "1713 Preston Road",
    "City": "Plano",
    "State": "TX",
    "Zip": 75093,
    "Lat": 33.023307,
    "Lon": -96.796952,
    "URL": "'plano-77201'"
  },
  {
    "Address": "44695 5 Mile Road",
    "City": "Plymouth",
    "State": "MI",
    "Zip": 48170,
    "Lat": 42.395024,
    "Lon": -83.484235,
    "URL": "'plymouth-74204'"
  },
  {
    "Address": "13810 24th Ave N",
    "City": "Plymouth",
    "State": "MN",
    "Zip": 55441,
    "Lat": 45.005616,
    "Lon": -93.456531,
    "URL": "'plymouth-78904'"
  },
  {
    "Address": "6150 Lovers Lane",
    "City": "Portage",
    "State": "MI",
    "Zip": 49002,
    "Lat": 42.228051,
    "Lon": -85.574847,
    "URL": "'portage-74303'"
  },
  {
    "Address": "8831 Westgate Park Drive",
    "City": "Raleigh",
    "State": "NC",
    "Zip": 27617,
    "Lat": 35.905838,
    "Lon": -78.7468,
    "URL": "'raleigh-73509'"
  },
  {
    "Address": "529 Third Ave Extension",
    "City": "Rensselaer",
    "State": "NY",
    "Zip": 12144,
    "Lat": 42.644527,
    "Lon": -73.707533,
    "URL": "'rensselaer-75590'"
  },
  {
    "Address": "9830 Mayland Dr",
    "City": "Richmond",
    "State": "VA",
    "Zip": 23233,
    "Lat": 37.639148,
    "Lon": -77.564254,
    "URL": "'richmond-77703'"
  },
  {
    "Address": "3260 Electric Road",
    "City": "Roanoke",
    "State": "VA",
    "Zip": 24018,
    "Lat": 37.230013,
    "Lon": -80.006662,
    "URL": "'roanoke-75713'"
  },
  {
    "Address": "2975 Brighton Henrietta Town Line Road",
    "City": "Rochester",
    "State": "NY",
    "Zip": 14623,
    "Lat": 43.095368,
    "Lon": -77.596712,
    "URL": "'rochester-83003'"
  },
  {
    "Address": "6510 Blanco Road",
    "City": "San Antonio",
    "State": "TX",
    "Zip": 78216,
    "Lat": 29.516187,
    "Lon": -98.506636,
    "URL": "'san-antonio-77502'"
  },
  {
    "Address": "969 Industrial Road",
    "City": "San Carlos",
    "State": "CA",
    "Zip": 94070,
    "Lat": 37.506161,
    "Lon": -122.247778,
    "URL": "'san-carlos-70506'"
  },
  {
    "Address": "1187 Morena Boulevard",
    "City": "San Diego",
    "State": "CA",
    "Zip": 92110,
    "Lat": 32.769977,
    "Lon": -117.201376,
    "URL": "'san-diego-71302'"
  },
  {
    "Address": "850 S Van Ness",
    "City": "San Francisco",
    "State": "CA",
    "Zip": 94110,
    "Lat": 37.759542,
    "Lon": -122.41807,
    "URL": "'san-francisco-70505'"
  },
  {
    "Address": "3201 Zafarano Drive",
    "City": "Santa Fe",
    "State": "NM",
    "Zip": 87507,
    "Lat": 35.645047,
    "Lon": -106.013736,
    "URL": "'santa-fe-77102'"
  },
  {
    "Address": "400 Expedition Drive",
    "City": "Scarborough",
    "State": "ME",
    "Zip": 4074,
    "Lat": 43.601265,
    "Lon": -70.3704652,
    "URL": "'scarborough-73606'"
  },
  {
    "Address": "15507 North Scottsdale Road",
    "City": "Scottsdale",
    "State": "AZ",
    "Zip": 85254,
    "Lat": 33.628426,
    "Lon": -111.925454,
    "URL": "'scottsdale-70704'"
  },
  {
    "Address": "20 Commerce Way",
    "City": "Seekonk",
    "State": "MA",
    "Zip": 2771,
    "Lat": 41.794636,
    "Lon": -71.324921,
    "URL": "'seekonk-73802'"
  },
  {
    "Address": "424 Hartford Turnpike",
    "City": "Shrewsbury",
    "State": "MA",
    "Zip": 1545,
    "Lat": 42.251978,
    "Lon": -71.706587,
    "URL": "'shrewsbury-73903'"
  },
  {
    "Address": "340 Dorset Street",
    "City": "South Burlington",
    "State": "VT",
    "Zip": 5403,
    "Lat": 44.4612033,
    "Lon": -73.181901,
    "URL": "'south-burlington-73905'"
  },
  {
    "Address": "4710 MacCorkle Ave Southwest",
    "City": "South Charleston",
    "State": "WV",
    "Zip": 25309,
    "Lat": 38.355001,
    "Lon": -81.728655,
    "URL": "'south-charleston-79201'"
  },
  {
    "Address": "448 West Battlefield",
    "City": "Springfield",
    "State": "MO",
    "Zip": 65807,
    "Lat": 37.159952,
    "Lon": -93.29687,
    "URL": "'springfield-70804'"
  },
  {
    "Address": "1650 West Wabash",
    "City": "Springfield",
    "State": "IL",
    "Zip": 62704,
    "Lat": 39.762845,
    "Lon": -89.682603,
    "URL": "'springfield-72205'"
  },
  {
    "Address": "659 Morris Turnpike",
    "City": "Springfield",
    "State": "NJ",
    "Zip": 7081,
    "Lat": 40.718154,
    "Lon": -74.327812,
    "URL": "'springfield-75106'"
  },
  {
    "Address": "164 Rolling Ridge Dr",
    "City": "State College",
    "State": "PA",
    "Zip": 16801,
    "Lat": 40.7860767,
    "Lon": -77.830055,
    "URL": "'state-college-76604'"
  },
  {
    "Address": "1424 B Richmond Avenue",
    "City": "Staten Island",
    "State": "NY",
    "Zip": 10314,
    "Lat": 40.613682,
    "Lon": -74.158683,
    "URL": "'staten-island-75107'"
  },
  {
    "Address": "3179 Erie Boulevard East",
    "City": "Syracuse",
    "State": "NY",
    "Zip": 13214,
    "Lat": 43.055134,
    "Lon": -76.074053,
    "URL": "'syracuse-70403'"
  },
  {
    "Address": "13535 SW 72nd Ave",
    "City": "Tigard",
    "State": "OR",
    "Zip": 97223,
    "Lat": 45.422311,
    "Lon": -122.751748,
    "URL": "'tigard-75601'"
  },
  {
    "Address": "7805 West 159th Street",
    "City": "Tinley Park",
    "State": "IL",
    "Zip": 60477,
    "Lat": 41.60198,
    "Lon": -87.810032,
    "URL": "'tinley-park-72406'"
  },
  {
    "Address": "2940 Southwest Wanamaker Road",
    "City": "Topeka",
    "State": "KS",
    "Zip": 66614,
    "Lat": 39.013429,
    "Lon": -95.762361,
    "URL": "'topeka-73403'"
  },
  {
    "Address": "1820 Bayview Avenue",
    "City": "Toronto",
    "State": "ON",
    "Zip": "M4G-4G7",
    "Lat": 43.712791,
    "Lon": -79.3774,
    "URL": "'toronto-78605'"
  },
  {
    "Address": "7780 North Oracle",
    "City": "Tucson",
    "State": "AZ",
    "Zip": 85704,
    "Lat": 32.348231,
    "Lon": -110.975536,
    "URL": "'tucson-70705'"
  },
  {
    "Address": "4340 South Mingo",
    "City": "Tulsa",
    "State": "OK",
    "Zip": 74146,
    "Lat": 36.099986,
    "Lon": -95.868654,
    "URL": "'tulsa-78301'"
  },
  {
    "Address": "8150 Leesburg Pike",
    "City": "Vienna",
    "State": "VA",
    "Zip": 22182,
    "Lat": 38.916032,
    "Lon": -77.2271,
    "URL": "'vienna-71709'"
  },
  {
    "Address": "372 South Independence Boulevard",
    "City": "Virginia Beach",
    "State": "VA",
    "Zip": 23452,
    "Lat": 36.8303789,
    "Lon": -76.1374961,
    "URL": "'virginia-beach-77704'"
  },
  {
    "Address": "230 Thorn Hill Road",
    "City": "Warrendale",
    "State": "PA",
    "Zip": 15086,
    "Lat": 40.680188,
    "Lon": -80.117606,
    "URL": "'warrendale-76605'"
  },
  {
    "Address": "3130 West Shaulis Road",
    "City": "Waterloo",
    "State": "IA",
    "Zip": 50701,
    "Lat": 42.443698,
    "Lon": -92.419689,
    "URL": "'waterloo-73205'"
  },
  {
    "Address": "69 Ashley Avenue",
    "City": "West Springfield",
    "State": "MA",
    "Zip": 1089,
    "Lat": 42.138923,
    "Lon": -72.624928,
    "URL": "'west-springfield-73904'"
  },
  {
    "Address": "224 Post Road",
    "City": "Westerly",
    "State": "RI",
    "Zip": 2891,
    "Lat": 41.351675,
    "Lon": -71.770962,
    "URL": "'westerly-73804'"
  },
  {
    "Address": "975 Crocker Road",
    "City": "Westlake",
    "State": "OH",
    "Zip": 44145,
    "Lat": 41.473454,
    "Lon": -81.950488,
    "URL": "'westlake-75907'"
  },
  {
    "Address": "2221 Macarthur Road",
    "City": "Whitehall",
    "State": "PA",
    "Zip": 18052,
    "Lat": 40.638552,
    "Lon": -75.488201,
    "URL": "'whitehall-79102'"
  },
  {
    "Address": "1199 E Central",
    "City": "Wichita",
    "State": "KS",
    "Zip": 67214,
    "Lat": 37.693509,
    "Lon": -97.324846,
    "URL": "'wichita-73304'"
  },
  {
    "Address": "6624 Gordon Road",
    "City": "Wilmington",
    "State": "NC",
    "Zip": 28411,
    "Lat": 34.265495,
    "Lon": -77.83789,
    "URL": "'wilmington-73511'"
  },
  {
    "Address": "3622 Concord Pike",
    "City": "Wilmington",
    "State": "DE",
    "Zip": 19803,
    "Lat": 39.804317,
    "Lon": -75.548669,
    "URL": "'wilmington-76414'"
  },
  {
    "Address": "690 Jonestown Rd",
    "City": "Winston Salem",
    "State": "NC",
    "Zip": 27103,
    "Lat": 36.069835,
    "Lon": -80.339963,
    "URL": "'winston-salem-75712'"
  },
  {
    "Address": "59 Commerce Way",
    "City": "Woburn",
    "State": "MA",
    "Zip": 1801,
    "Lat": 42.510114,
    "Lon": -71.132631,
    "URL": "'woburn-74107'"
  },
  {
    "Address": "7730 Hudson Road",
    "City": "Woodbury",
    "State": "MN",
    "Zip": 55125,
    "Lat": 44.947364,
    "Lon": -92.94961,
    "URL": "'woodbury-78903'"
  }
]